id,per_square_meter_price
COL_289284,30715.55166814242
COL_289305,54448.76148841511
COL_289318,56130.010959246036
COL_289354,90555.95062570937
COL_289399,52057.0534416246
COL_289428,59092.40381447881
COL_289460,59225.4527845479
COL_289493,51901.42039861378
COL_289495,114867.7943571709
COL_289749,51077.65963135923
COL_289763,174662.42346121388
COL_289778,72912.21775748653
COL_289801,36727.84907188859
COL_289971,39243.94557353457
COL_290143,46306.727712666
COL_290169,123456.12779375675
COL_290252,24435.630371104184
COL_290336,45671.71659064484
COL_290398,47050.72004884789
COL_290403,60851.93234884131
COL_290431,30704.64363957403
COL_290466,79232.87962469079
COL_290486,54384.163035714344
COL_290497,41581.26355570313
COL_290510,81154.29505058005
COL_290559,43664.91293187416
COL_290600,132791.5698594996
COL_290602,143641.00427153034
COL_290716,48870.87869144842
COL_290717,14136.832822883982
COL_290876,42112.90719340816
COL_290966,35407.4881064722
COL_291008,39010.13649599961
COL_291021,267558.3864618624
COL_291043,89626.36821642346
COL_291190,78657.47576819979
COL_291192,90403.2417648682
COL_291274,40790.222915899634
COL_291284,79817.03338119676
COL_291397,36589.09168373232
COL_291450,60913.45312276694
COL_291738,98438.62170298713
COL_291740,21344.385598455337
COL_291825,33048.00347971106
COL_291900,70416.76235096934
COL_292045,68992.23426413818
COL_292135,48182.48966274475
COL_292258,31041.591149793152
COL_292275,22280.270644559
COL_292279,74384.62577422918
COL_292364,39509.40515162592
COL_292417,31646.756583004157
COL_292421,58971.4098066266
COL_292501,40479.58073052656
COL_292654,119434.29626556278
COL_292906,70832.8687458433
COL_292926,36875.840525347114
COL_293123,392536.4281663768
COL_293135,30357.78664147998
COL_293496,64990.844877015865
COL_293497,46621.70785211045
COL_293588,369678.0729720122
COL_293614,157923.30481726548
COL_293631,69156.54333567282
COL_293703,30954.58402016999
COL_293773,38218.60455782295
COL_293780,48617.71096110975
COL_293783,39093.58259611306
COL_293826,43893.55609447035
COL_293889,81295.28081608357
COL_293952,59645.99559780945
COL_293956,30955.737988896
COL_294068,71246.52500189212
COL_294101,60712.36760611956
COL_294115,49189.87256650439
COL_294143,40513.038562732065
COL_294200,36975.495534124144
COL_294245,28328.68617363143
COL_294261,27226.01913807886
COL_294293,73374.18370888273
COL_294300,77579.18505777256
COL_294350,36753.69182759248
COL_294488,58814.857161053704
COL_294525,67163.8110680059
COL_294553,59770.71879063896
COL_294558,48640.87347853086
COL_294593,54097.06105113537
COL_294691,111181.58906830245
COL_294716,37693.32891397907
COL_294729,68319.06218473744
COL_294785,84963.45159881358
COL_294917,48500.29845912363
COL_294951,16433.889677515384
COL_294975,44722.21198606959
COL_295255,30569.830044642804
COL_295327,6143.078427068584
COL_295509,30828.77588278416
COL_295595,73333.44122827463
COL_296322,59071.769354176264
COL_296509,43565.3671484066
COL_296521,165018.18103818374
COL_296756,32595.441166585937
COL_296901,66055.78063114797
COL_297293,35386.355861541684
COL_297324,44315.390761254144
COL_297326,83700.6172658841
COL_297329,46279.31891419712
COL_297441,39643.87772337563
COL_297472,38841.81572070705
COL_297631,53116.28824497056
COL_297815,73171.92768484745
COL_298020,33558.33500429074
COL_298046,52401.03406380726
COL_298052,42255.74190466736
COL_298055,124440.81767793029
COL_298064,46121.384932978464
COL_298075,61620.97889098817
COL_298099,48658.847143852014
COL_298101,63764.971338209
COL_298102,52935.887902055234
COL_298103,53580.92887725143
COL_298104,49973.865039834825
COL_298261,46781.68065080692
COL_298459,261594.12413763494
COL_298471,62819.1046785745
COL_298481,81456.4305432936
COL_298516,64431.0520285487
COL_298532,47093.38060571085
COL_298539,44321.83274308234
COL_298593,243612.08987319798
COL_298719,39480.19174937792
COL_298724,31112.230700140994
COL_298733,43137.59001132897
COL_298817,80703.37928548141
COL_298837,55487.231771910454
COL_298968,243459.83229484176
COL_299209,85361.37474402919
COL_299221,369147.90079911717
COL_299361,61488.58006971973
COL_299366,60159.76978541771
COL_299450,65732.93301179889
COL_299454,71714.28078694681
COL_299455,70564.9317011002
COL_299459,71258.22030140061
COL_299464,55655.41334949016
COL_299468,55346.47409977675
COL_299486,58122.22633427148
COL_299491,80992.53293230069
COL_299497,76008.27467470855
COL_299499,47779.21971281946
COL_299501,86453.99227029245
COL_299540,43273.62472608789
COL_299615,59380.34018585053
COL_299659,362970.5143675782
COL_299678,213049.65575919027
COL_299795,29433.248877683058
COL_299818,45922.20865752072
COL_299819,82301.81010550163
COL_299820,85493.97431620523
COL_299960,43328.198757933395
COL_300095,74475.67045151757
COL_300108,126060.70130355684
COL_300125,30988.40321253243
COL_300144,271723.09714487684
COL_300225,48654.93240781936
COL_300305,223834.6302604919
COL_300423,38834.90691388643
COL_300491,28083.296764150844
COL_300562,37096.85077067971
COL_300747,35843.1104961916
COL_300816,68898.58014789497
COL_300942,60547.9781965873
COL_300959,55530.86169534676
COL_300962,61113.39062315052
COL_301220,37473.03091383596
COL_301285,64421.36735910423
COL_301290,57810.56851900665
COL_301303,64922.73210644171
COL_301367,32116.695961947727
COL_301368,42602.65923425343
COL_301378,61752.96591275364
COL_301401,67766.45782627855
COL_301444,27281.613084601282
COL_301445,41643.581176397405
COL_301574,127700.60677632729
COL_301649,25900.446892972308
COL_301669,58494.22431148956
COL_301670,47054.36074490006
COL_301679,48492.55574969177
COL_301709,38657.34688991947
COL_301757,162201.19201958782
COL_301819,57716.01883242544
COL_301820,59597.17188511379
COL_301821,65226.27796122035
COL_301822,60114.180531091675
COL_301823,59524.905461823524
COL_301843,78354.73421308852
COL_301976,72105.70602139365
COL_301986,44653.69898529816
COL_302097,72903.60496406183
COL_302111,77126.87352161221
COL_302139,53276.313535897425
COL_302293,47286.13845172714
COL_302294,42222.79849845657
COL_302428,67824.74042369387
COL_302465,53392.055038574006
COL_302497,86084.41894240901
COL_302548,40989.258413307616
COL_302597,50598.24406201975
COL_302726,50986.12725126598
COL_302745,68285.7288806677
COL_302873,51141.808471377364
COL_302926,46540.51768049299
COL_302986,50985.09349625855
COL_302987,41970.49422830324
COL_302994,75884.42978011296
COL_303002,82698.77483123544
COL_303004,44614.27705747731
COL_303007,34363.380046434686
COL_303069,58568.268642287934
COL_303147,29554.83545136964
COL_303265,55361.62736523341
COL_303285,73482.94942519879
COL_303366,40925.309517961054
COL_303405,126426.44611230804
COL_303564,53987.05536548789
COL_303569,22364.18707447483
COL_303618,90044.03519884715
COL_303623,35497.51615719151
COL_303624,35082.42289752145
COL_303625,26022.982242023703
COL_303626,47819.902870217775
COL_303627,66287.53591424541
COL_303637,41215.87587279196
COL_303638,53300.041431368714
COL_304041,77722.36688043727
COL_304147,617683.1107833012
COL_304255,237843.98646034722
COL_304280,90684.3095542352
COL_304320,55478.78302086218
COL_304322,65765.16060507248
COL_304323,39166.76310972891
COL_304324,28777.894446522216
COL_304325,38828.6061646873
COL_304367,42992.7043686276
COL_304546,81584.26179078773
COL_304550,66333.08262981186
COL_304552,78804.72553040071
COL_304561,39912.89304459003
COL_304585,85031.96643329975
COL_304853,96565.61267174153
COL_304902,32364.059373239186
COL_304978,61464.91694789488
COL_304984,31854.29011161084
COL_305002,63491.55519239494
COL_305017,65379.15820381069
COL_305038,36592.4410458567
COL_305057,39431.332028132296
COL_305058,41667.7577636497
COL_305059,41564.44894521935
COL_305114,337762.8234891251
COL_305373,70875.03334045032
COL_305382,85478.34433557896
COL_305383,80789.00971619184
COL_305384,89615.92183859998
COL_305385,89615.92183859998
COL_305386,87129.62429889487
COL_305387,89135.94367146873
COL_305388,82903.9067589757
COL_305413,46871.42626369763
COL_305607,63988.94493328698
COL_305652,62329.64410862214
COL_305726,178646.18538426503
COL_305896,96434.05880137518
COL_305924,41077.87714271687
COL_305926,39814.42755426622
COL_306033,80026.33174829274
COL_306088,68985.04708073325
COL_306141,35463.52880166283
COL_306143,48890.952729677396
COL_306144,46897.15851006169
COL_306151,58321.63108861653
COL_306153,67547.17352191304
COL_306154,51154.111866642445
COL_306155,36041.62451692294
COL_306206,57751.98869530989
COL_306621,52238.56502710353
COL_306728,59040.6448482024
COL_306758,37479.57613743402
COL_306763,90534.85858375487
COL_306803,38468.36296926685
COL_306853,47973.29027393049
COL_306892,36931.17749565156
COL_306938,70819.83185985484
COL_307001,65197.36774550035
COL_307043,70296.47931275025
COL_307158,60387.985957775396
COL_307269,54402.024250672584
COL_307356,64544.265340928476
COL_307480,46391.41261004083
COL_307529,102807.62513220805
COL_307623,54236.53874742839
COL_307819,34704.46885775949
COL_307874,37563.00109509031
COL_307945,80603.07847627679
COL_307986,64024.37361401919
COL_308206,56049.284331003626
COL_308211,32632.859154480422
COL_308429,76411.87335733476
COL_308446,33758.012541540666
COL_308472,64343.7244548441
COL_308486,93332.70604525325
COL_308492,94414.16795539246
COL_308493,86855.40494092411
COL_308743,46755.09456209414
COL_308803,42316.73683818869
COL_308813,80378.6657837623
COL_308963,51714.55793083653
COL_308966,27284.148312950012
COL_309079,38233.793758094136
COL_309121,62811.26083477319
COL_309434,49847.00783497345
COL_309612,41726.99335381844
COL_309635,25994.696248931607
COL_309640,50365.41697750924
COL_309642,25155.80718050526
COL_309784,41775.944168357804
COL_310093,28865.757398339265
COL_310107,28589.378878356103
COL_310164,74060.68427265312
COL_310207,46297.48931505188
COL_310218,86456.43083164962
COL_310311,47986.90819886979
COL_310315,55865.06020499774
COL_310359,53465.30090633299
COL_310405,79697.04829332443
COL_310447,63116.99680956214
COL_310503,41771.92837139935
COL_310570,41703.23213647827
COL_310590,59151.00714410698
COL_310604,62157.10782722077
COL_310641,240118.5982455436
COL_310642,64986.826979379046
COL_310656,355810.82935550145
COL_310722,38174.353316864086
COL_310897,51827.14979009564
COL_311016,26131.858764619406
COL_311017,45179.93795644735
COL_311018,48348.892669230314
COL_311025,25304.760319251465
COL_311026,33621.11868823842
COL_311068,53300.605590281564
COL_311128,58591.94224718615
COL_311187,128132.3093332973
COL_311188,132667.3719317931
COL_311328,245109.15175805063
COL_311348,46775.0381842251
COL_311537,59795.4813172737
COL_311660,40541.3119878695
COL_311665,30998.236409633464
COL_311698,27893.35424024274
COL_311704,186104.98127333785
COL_311870,53369.15608689226
COL_312002,74186.16197913961
COL_312005,433221.59550946776
COL_312006,175265.94974269907
COL_312007,165739.0092853585
COL_312010,82129.92695612152
COL_312014,67287.91978713954
COL_312208,74858.7059153662
COL_312270,32018.424035444157
COL_312284,70911.21797586021
COL_312290,27963.005788016468
COL_312323,69809.41655375983
COL_312335,84434.15540643879
COL_312455,57429.95311282305
COL_312609,40541.06864705043
COL_312628,38307.07292831449
COL_312649,67543.59258137125
COL_312672,51913.94270747334
COL_312673,69340.02885551297
COL_312695,73019.2374651657
COL_312997,376122.66867762594
COL_313006,61018.82507072034
COL_313065,66190.65925331802
COL_313068,77266.6443389628
COL_313211,37654.09828456225
COL_313268,440358.70341384655
COL_313304,30673.51299531611
COL_313352,32795.111588320666
COL_313363,53330.8745283448
COL_313535,84126.17637853228
COL_313559,182034.81814636057
COL_313572,53550.38317175837
COL_313573,53218.13048937248
COL_313574,50411.33133376091
COL_313597,39505.856915407945
COL_313606,62465.68993108319
COL_313694,87277.97302321065
COL_313703,38462.54953759439
COL_313717,104167.14523032695
COL_313789,20799.665543402196
COL_313791,38272.837175261026
COL_313814,75793.92648898438
COL_314054,68130.44668824071
COL_314055,68198.18869435083
COL_314058,67095.9761703278
COL_314069,31957.449412463495
COL_314170,45507.72805877168
COL_314185,68429.47611859621
COL_314186,27340.420491240366
COL_314187,35791.129865994415
COL_314190,69211.61653916186
COL_314196,68032.16315911153
COL_314211,58854.082604009505
COL_314230,72732.20339483448
COL_314308,37996.92578008825
COL_314419,37344.621048955174
COL_314536,57994.38283965148
COL_314628,56541.60789292329
COL_314746,51552.642731516346
COL_314818,59128.594738708074
COL_314821,59586.40728166258
COL_314859,34555.98091037982
COL_314860,24588.8833915054
COL_314899,80273.1904865265
COL_314907,41189.04158922803
COL_314997,21060.898444061793
COL_315015,131104.70885359717
COL_315135,37083.81294889527
COL_315502,44855.370474444484
COL_315578,49186.70849446653
COL_315599,41708.327696645094
COL_315602,36916.124550798006
COL_315621,63122.28669975471
COL_315652,182410.25491464202
COL_315673,408278.5664596483
COL_315724,40051.68031177684
COL_315806,23781.120138831306
COL_315970,76149.05652325881
COL_315976,20152.713790439477
COL_315977,22850.51027155378
COL_316014,43099.03083194999
COL_316015,67230.71244893622
COL_316017,63062.57862389795
COL_316021,54922.54801934808
COL_316022,50587.34987591284
COL_316023,55790.84331775389
COL_316024,62058.19244544101
COL_316025,62963.495366554474
COL_316150,66580.67550545199
COL_316180,83659.41004261754
COL_316181,40436.38490364593
COL_316289,60701.774924725556
COL_316308,51180.01106575647
COL_316323,27731.17081285984
COL_316387,14836.881167023093
COL_316388,14836.881167023093
COL_316389,18834.207366360046
COL_316390,17150.127107062173
COL_316392,14172.951476239541
COL_316423,22659.571732718527
COL_316446,63993.190203726546
COL_316448,70657.01338343023
COL_316562,33160.21727428095
COL_316629,41580.37954480747
COL_316720,60635.600270573756
COL_316897,177862.03603367807
COL_316942,37301.17250279222
COL_317174,43465.15828952179
COL_317405,61780.14064021284
COL_317423,54421.39715066359
COL_317789,42937.0913530362
COL_317930,83421.2531858624
COL_318181,78820.93870909831
COL_318209,55832.277139608756
COL_318336,26940.699168678024
COL_318357,26287.090716820414
COL_318384,50951.162804227955
COL_318425,62475.71289473486
COL_318499,35778.51682764216
COL_318575,75543.08550417666
COL_318696,70553.43830583128
COL_318698,505487.33003293176
COL_318712,55514.74393988064
COL_318765,62411.81456373777
COL_319064,80569.91512937701
COL_319104,53787.56865534204
COL_319163,56781.09680345042
COL_319251,31933.105694783953
COL_319500,45007.14215351871
COL_319542,205860.3738516861
COL_319671,54531.21110345465
COL_319675,107155.95460549853
COL_319987,43355.221377567854
COL_319998,41831.10219774231
COL_320000,41831.10219774231
COL_320001,41745.00229565
COL_320028,42100.23092751956
COL_320128,83818.1940879817
COL_320171,36364.26115135038
COL_320291,60625.627140814635
COL_320376,76058.84342320282
COL_320430,22229.867276769204
COL_320446,37773.02280058204
COL_320452,33677.88845315005
COL_320470,36560.29849713408
COL_320478,42461.66577938943
COL_320498,58734.623978080046
COL_320518,41499.505551688664
COL_320693,68059.36121932349
COL_320824,78056.47357082533
COL_320905,19542.412210326962
COL_320942,164652.4056809968
COL_320966,46152.81459457342
COL_321061,75976.76470240921
COL_321088,88182.28174084569
COL_321099,69879.15210534477
COL_321128,290295.9598184641
COL_321407,51456.40094914292
COL_321417,63742.46860179753
COL_321427,59785.04776969858
COL_321474,42205.77700748324
COL_321621,41595.32791701659
COL_321670,62220.18906926447
COL_321677,38071.25791643873
COL_321820,32493.696724786423
COL_322106,42307.00270737587
COL_322266,43711.132339616845
COL_322288,72920.89196784778
COL_322290,80472.7135578109
COL_322311,47773.38088935235
COL_322356,78483.01859394423
COL_322378,36701.70187073719
COL_322380,40351.304605240264
COL_322428,80423.87485212594
COL_322436,50814.63179170254
COL_322462,43311.455809516294
COL_322463,20365.940315040338
COL_322511,63531.73788809149
COL_322568,62893.784741183415
COL_322595,57907.55827670739
COL_322623,29235.578456766598
COL_322624,93635.42214793486
COL_322665,60000.66366735415
COL_322676,88809.75867115101
COL_322749,46273.69774726202
COL_322954,46508.33121161592
COL_323025,70490.28467139808
COL_323034,62084.003730247256
COL_323061,56898.5285618091
COL_323075,41063.988731236954
COL_323078,40713.326367737594
COL_323084,42375.29069259741
COL_323247,50815.065521896344
COL_323258,75187.00239687515
COL_323261,113564.57264050275
COL_323330,66153.10719137316
COL_323355,101760.88185791607
COL_323590,38770.27500996394
COL_323647,41305.074144282684
COL_323671,53096.9568882084
COL_323683,386391.6424216738
COL_323882,57136.16846526374
COL_323938,68301.02336943829
COL_324197,117786.15863883814
COL_324268,29813.74173113206
COL_324269,40512.31805190504
COL_324455,112530.94812711746
COL_324459,84322.17187197709
COL_324622,98306.86273158567
COL_324655,37502.31703763633
COL_324779,24804.31966092634
COL_324786,145636.16503184685
COL_324787,132716.49883748151
COL_324926,58499.56946371109
COL_324927,71248.70757038839
COL_324936,31054.058538625875
COL_324940,197409.2070403879
COL_324941,59436.146954310185
COL_325131,92866.50722181036
COL_325182,44077.89431637025
COL_325196,57764.611887635896
COL_325210,52521.19760401713
COL_325348,55483.22119394656
COL_325392,40553.57481853862
COL_325405,64168.857075817046
COL_325545,180977.90921878105
COL_325588,85239.27108560721
COL_325648,80590.4686617484
COL_325649,82075.4257824643
COL_325650,73876.16231204332
COL_325651,85051.40239168632
COL_325652,75336.39705362199
COL_325653,77881.36772741334
COL_325696,70524.05817455333
COL_325699,49049.90237136797
COL_325703,49614.260721897444
COL_325707,67903.58160736138
COL_325847,49240.36106942139
COL_325884,31128.975249663563
COL_325904,76661.03891974546
COL_325905,51027.168408815356
COL_325942,118763.00256523606
COL_325998,141231.06018442375
COL_326043,74804.15132792993
COL_326045,73769.93198711172
COL_326068,60192.6203877056
COL_326108,39522.19701158434
COL_326130,145456.82781354454
COL_326171,53397.56865772906
COL_326268,50306.89123857063
COL_326466,49797.79689459683
COL_326531,52379.52007459888
COL_326680,53406.69903862272
COL_326753,52707.2695748621
COL_326804,71512.62096858831
COL_326997,51583.24497967276
COL_327062,37303.24666386924
COL_327071,31323.473713928222
COL_327138,43696.19430656255
COL_327471,50598.25964113597
COL_327568,28149.33847520822
COL_327627,60375.14752509848
COL_327732,42572.33182004379
COL_328038,144441.8135516655
COL_328039,135013.09631033998
COL_328086,44361.44854939968
COL_328127,68916.45479543289
COL_328128,41098.66233894561
COL_328240,43989.59739653229
COL_328284,46724.256485516285
COL_328358,41675.353483356914
COL_328408,32076.705821616677
COL_328598,51188.504172296554
COL_328785,54718.91904575938
COL_328832,83688.25282024997
COL_328912,53687.70700993106
COL_328916,41437.161055967445
COL_328952,54494.84360084708
COL_328998,48990.15498305077
COL_329153,65173.40636068959
COL_329196,54941.94540494935
COL_329239,83431.74535402328
COL_329262,72601.81730132003
COL_329356,36372.555163908706
COL_329509,90541.06513585341
COL_329554,48698.57642355297
COL_329557,47963.24182165791
COL_329663,46945.056492814365
COL_329708,47272.92510573054
COL_329757,22376.892350177644
COL_329828,63520.90043608496
COL_329829,65405.22453893091
COL_329857,49146.67081321871
COL_330022,47246.12082571181
COL_330075,61052.98023350075
COL_330085,44901.22008817719
COL_330199,87683.8996809425
COL_330234,48442.19877350585
COL_330254,100517.24662078725
COL_330260,74953.45095300407
COL_330277,77475.5290605736
COL_330324,40172.43231667139
COL_330335,24640.291709434736
COL_330474,54636.84330747362
COL_330477,42078.63331129128
COL_330553,83873.99066284265
COL_330624,52111.44165411943
COL_330666,50113.249838211
COL_331046,86866.73635147882
COL_331047,58860.68661159037
COL_331049,49756.10758927421
COL_331062,244757.7994521367
COL_331205,188751.07439614218
COL_331263,54538.72635391508
COL_331270,50539.42303883237
COL_331278,64426.216426969804
COL_331289,45404.39462264738
COL_331365,74470.55743737021
COL_331412,48559.071784974614
COL_331441,44612.22510286746
COL_331442,43298.91210686043
COL_331466,25607.91482421897
COL_331559,43871.52553264823
COL_331572,59283.137587547026
COL_331601,39819.47160098574
COL_331762,41686.01359047662
COL_332006,39170.55969691354
COL_332433,60491.19706194506
COL_332669,56864.437607761705
COL_332717,39599.57356152286
COL_332726,76223.2800733237
COL_332856,31579.641713430698
COL_332908,348651.47365059995
COL_332909,193762.37052717953
COL_332910,192855.9346201009
COL_332939,50745.142320423955
COL_333190,355169.3306978295
COL_333309,74193.45235468168
COL_333329,46763.47699891313
COL_333350,63693.563816213304
COL_333390,47812.29761664631
COL_333472,45541.04081546125
COL_333473,124112.33000718782
COL_333518,44291.34250872974
COL_333530,66846.97769633599
COL_333545,119027.82981147702
COL_333556,40724.266832474794
COL_333576,38451.690205824445
COL_333736,31516.019202165422
COL_333788,61230.55864318113
COL_333866,46067.16550867361
COL_333867,31032.656348412565
COL_333928,66462.90404847029
COL_333957,49882.04248114992
COL_334037,89474.78200760843
COL_334047,67184.75013360237
COL_334091,156401.50244642003
COL_334183,47342.75029619213
COL_334229,62839.3225821448
COL_334288,237049.0694707152
COL_334468,42512.92194226688
COL_334548,38698.096117979454
COL_334639,40229.64455732655
COL_334741,43158.5958775099
COL_334989,72483.27891643514
COL_335047,62841.74080138111
COL_335092,58113.71145842742
COL_335505,79981.28443703747
COL_335523,50519.901188998316
COL_335574,92149.8840223875
COL_335589,54621.21148613673
COL_335708,67553.64445177425
COL_335714,79688.3390703802
COL_335836,49909.98865208824
COL_336093,50181.70390140646
COL_336095,37318.61073267166
COL_336259,48175.68333143731
COL_336264,38762.807307181676
COL_336267,31748.832672452583
COL_336462,158979.22524855184
COL_336493,76124.855719159
COL_336495,53353.189838478975
COL_336499,64297.06230933748
COL_336531,39433.57515621185
COL_336685,49181.43603792263
COL_336736,79775.05204112062
COL_336855,43945.80474634687
COL_336874,60208.06505760701
COL_336932,31391.246784849296
COL_336963,139386.44504305237
COL_336967,42583.52498482351
COL_337195,62477.447530455574
COL_337254,88139.00283856795
COL_337273,71820.06050462267
COL_337309,61546.78429277032
COL_337318,42379.65639266159
COL_337346,28427.160961374742
COL_337386,52626.794423012325
COL_337590,26469.08306787048
COL_337593,30518.9966349132
COL_337666,56347.024170737255
COL_337681,60676.86866115134
COL_337895,25509.487242548494
COL_337901,98679.13488320998
COL_337971,70789.18642475645
COL_338002,34657.55601716478
COL_338038,66135.2868526374
COL_338039,61196.5882256727
COL_338276,31997.340479461884
COL_338279,78322.32075434393
COL_338421,28646.621267719995
COL_338506,46526.734272192494
COL_338557,62496.32314710277
COL_338558,50870.75213715494
COL_338559,61864.456358024065
COL_338560,53255.54700469063
COL_338561,54963.996865744404
COL_338562,64124.73494784604
COL_338607,119800.8105146762
COL_338609,45375.44583582435
COL_338673,25741.90344302675
COL_338850,33618.63020028117
COL_338864,53822.6946580508
COL_338944,39150.87483110183
COL_339089,78417.6434477352
COL_339113,40715.84266274344
COL_339428,43945.31917418675
COL_339440,26943.398431362715
COL_339645,20398.533549326647
COL_339657,54837.744487906195
COL_339727,42381.74649681794
COL_339728,43465.58489958038
COL_339729,57284.289948488375
COL_339772,67112.26392635556
COL_339793,68851.61667181809
COL_339822,33036.87000011283
COL_339866,43235.773360534804
COL_339878,108562.71812701313
COL_339889,51278.378321018376
COL_339893,43597.205694805205
COL_339912,85391.18957786063
COL_339987,26750.92702425664
COL_339993,72130.65621403171
COL_340011,68803.68646107479
COL_340117,69554.43106247866
COL_340369,54478.311985877226
COL_340447,88811.12672844433
COL_340462,42136.521745798746
COL_340506,53622.74895671009
COL_340519,80232.14952138113
COL_340520,80830.44277583848
COL_340521,68077.30002094203
COL_340655,279014.7487670265
COL_340657,47574.57811712754
COL_340794,143729.9565643196
COL_340796,66515.1390663142
COL_340898,132218.00759973473
COL_340975,46866.54247378094
COL_340994,81029.9869252706
COL_340995,54350.540340633735
COL_341014,57738.842758031686
COL_341069,150909.75535868132
COL_341070,39557.30917258837
COL_341184,58640.29989292257
COL_341212,56314.31533993711
COL_341220,52030.91048937865
COL_341237,53242.30026705562
COL_341310,51085.35143132672
COL_341351,34758.32359901795
COL_341414,63431.35114481136
COL_341465,39487.78547117434
COL_341487,32259.417951638054
COL_341496,69874.02617478718
COL_341683,50880.94116771387
COL_341692,33386.02243939464
COL_341722,78449.3108360043
COL_341744,65371.30423477262
COL_341762,61577.00984995385
COL_341805,31532.160452447133
COL_341889,52778.263076412084
COL_341936,61746.91163687901
COL_342040,63193.99955310451
COL_342111,80532.67411858478
COL_342208,69554.90878770436
COL_342209,35409.739209470295
COL_342211,67377.31411741037
COL_342212,33057.347821105315
COL_342258,54872.4354675594
COL_342326,90640.7609505972
COL_342405,52111.10134452619
COL_342407,51468.279370154436
COL_342425,66271.75958450486
COL_342426,65976.53690560986
COL_342438,76493.76800313921
COL_342505,101407.97557145785
COL_342623,60092.2719296516
COL_342714,80236.50015206121
COL_342734,28558.417590125624
COL_342947,51570.79350218716
COL_342948,41300.48093489341
COL_343030,39608.61526841177
COL_343036,71570.95044553647
COL_343039,30308.760364512287
COL_343047,59765.75289827801
COL_343070,32098.71579113163
COL_343169,132426.30001275244
COL_343269,31592.682441991667
COL_343324,46179.175590802464
COL_343430,33082.658708609684
COL_343527,29363.001953766274
COL_343636,46732.08738050216
COL_343649,53036.66945547801
COL_343852,47732.96610729849
COL_343866,75772.71861374646
COL_343993,93348.3193109774
COL_344179,31797.662755607365
COL_344278,51497.51790971628
COL_344298,30058.63272056343
COL_344312,66478.54340663366
COL_344350,40314.28512492805
COL_344578,42701.95209630577
COL_344772,36661.719316027156
COL_344807,67715.0384094376
COL_344844,37442.798718816804
COL_344845,62638.447340037834
COL_344887,36905.42670006263
COL_344960,45780.12737207282
COL_344969,206442.5028911992
COL_345017,36818.99213998037
COL_345055,41791.984962277726
COL_345062,142867.7349560679
COL_345102,84662.77370826378
COL_345117,165056.4845020291
COL_345119,135933.18624962552
COL_345171,48406.671207408326
COL_345187,85419.72761984836
COL_345195,187186.36343780527
COL_345287,58629.75669795628
COL_345351,64386.19106065931
COL_345558,38946.66149686779
COL_345594,37508.77341448421
COL_345718,51988.80819309096
COL_345723,41539.254632237746
COL_345736,49916.707795108756
COL_345839,50710.13872345172
COL_345884,33949.710987408704
COL_345971,24113.496060148347
COL_345996,60554.327593803275
COL_346013,192290.81506439962
COL_346015,198090.73084294132
COL_346208,61284.63148422307
COL_346276,46073.391052682935
COL_346296,52043.49471837898
COL_346516,69191.78354862929
COL_346518,52660.434606464005
COL_346522,130418.36977618959
COL_346623,83366.47137346445
COL_346677,182471.97135001927
COL_346698,45683.44876442486
COL_346776,77340.02237353471
COL_346813,66287.7431350543
COL_346829,43135.979687968895
COL_346974,74512.9236039027
COL_346975,83849.64893051349
COL_347000,55855.202823834086
COL_347011,91179.93786607575
COL_347186,60772.09506569184
COL_347284,54763.43853447492
COL_347293,21596.000278939813
COL_347332,52993.669028812554
COL_347353,50471.41102468985
COL_347436,76607.04136616354
COL_347488,41546.325712120524
COL_347618,61338.616334133614
COL_347620,33694.265570267526
COL_347621,56960.208555127356
COL_347634,56996.17585872348
COL_347686,36816.399100769486
COL_347694,46558.517998721196
COL_347737,89148.23502448556
COL_347777,57622.238036475814
COL_347852,48949.58175898105
COL_347970,36075.61243260882
COL_348009,36886.30475851591
COL_348076,143385.66814011274
COL_348077,135290.35319696914
COL_348272,71076.23346412781
COL_348274,54522.175732856864
COL_348275,50389.73524706591
COL_348278,43958.82851646014
COL_348281,41813.38057053341
COL_348383,85031.96643329975
COL_348436,39243.442810185355
COL_348447,32274.522834983945
COL_348483,36398.564354967864
COL_348681,73077.17982455823
COL_348731,45299.5812315331
COL_348733,55514.115987893274
COL_348757,89391.1093784858
COL_348893,44487.41647350391
COL_349002,209197.9065757391
COL_349029,59260.70078058042
COL_349110,28857.48788073071
COL_349213,55198.47505399773
COL_349214,48093.584454457145
COL_349215,42335.66484673
COL_349216,47787.078564517615
COL_349601,29393.706474052582
COL_349602,37835.33448959132
COL_349643,34546.08394465693
COL_349719,77576.24457251272
COL_349774,63538.97396957665
COL_349777,31895.92887694745
COL_350115,44048.55173888437
COL_350169,32045.7398784376
COL_350175,122740.39024133765
COL_350245,58996.25543384619
COL_350246,61245.30833115709
COL_350338,64797.53689972658
COL_350353,37192.101243518395
COL_350357,69150.83268874683
COL_350456,51903.063764352904
COL_350457,40869.89382623632
COL_350458,64456.403247751026
COL_350459,43197.7106978392
COL_350476,78354.73421308852
COL_350497,541450.3627564906
COL_350564,444775.0494408581
COL_350594,59365.57136035248
COL_350743,41710.675951188154
COL_350761,156930.82769859076
COL_350762,157607.07999527885
COL_350764,141963.21205423446
COL_350784,62551.06754138778
COL_350851,57762.284020542844
COL_351049,49269.0435136858
COL_351088,574699.4680626442
COL_351213,68425.1355530683
COL_351274,81965.88881605692
COL_351380,23317.35989501112
COL_351688,36459.61708469967
COL_351715,47480.62101453881
COL_351762,68340.87238906004
COL_351901,58822.85301589886
COL_352368,164505.25752473442
COL_352392,51304.44468452893
COL_352397,55973.41863610179
COL_352422,141324.47814603304
COL_352637,24688.853763989944
COL_352991,55670.021916474885
COL_353024,76418.82627803445
COL_353028,32505.52761179734
COL_353059,42170.7145655848
COL_353225,73152.49478318008
COL_353243,27731.17081285984
COL_353323,26799.308079915398
COL_353376,42127.1281320079
COL_353452,52805.510077707375
COL_353740,47452.27994995539
COL_353741,51813.11379335649
COL_353798,65914.8256398442
COL_353848,62253.15260466912
COL_353860,36428.12602826988
COL_354005,68672.89570386824
COL_354013,59960.111230906165
COL_354017,34694.626231751696
COL_354058,86745.75918225208
COL_354370,67855.45366725032
COL_354379,54691.85263639186
COL_354384,44602.21163276273
COL_354401,39571.64598144071
COL_354414,53738.33537451807
COL_354422,57277.20120640256
COL_354535,46314.0174418124
COL_354630,68246.59167674059
COL_354696,45430.98367607516
COL_354775,70161.00600642615
COL_354795,46305.66284715768
COL_355174,39505.856915407945
COL_355178,20072.171895378502
COL_355241,71080.40744093183
COL_355242,67573.11166166503
COL_355332,67778.64368105005
COL_355356,77186.02777254638
COL_355412,115059.92286742665
COL_355457,35240.172649780725
COL_355532,53555.49521200224
COL_355579,206478.90114142443
COL_355627,53315.56818569419
COL_355640,131839.48923256222
COL_355642,66463.15899805825
COL_355643,64730.665627166854
COL_355644,85809.92844357756
COL_355702,108610.37296357358
COL_355851,18154.01934992442
COL_355942,37638.0402353346
COL_355991,58347.63227787223
COL_356015,40128.97183358704
COL_356199,79534.68716734616
COL_356201,65308.463758924685
COL_356441,834207.9703843346
COL_356469,38276.15363130925
COL_356497,62678.492856568075
COL_356528,72143.78006680534
COL_356531,73956.40248256858
COL_356616,72016.97195225497
COL_356638,53362.46168761736
COL_356826,56682.579089237166
COL_356832,66049.11308853835
COL_356954,55468.279541781936
COL_356964,17907.924098520598
COL_356974,23036.348674243156
COL_356984,24121.55446561803
COL_356999,39771.28263496254
COL_357040,107558.00491718065
COL_357043,53753.47069205196
COL_357044,50971.04833631629
COL_357159,67932.1682294961
COL_357177,101586.91472451096
COL_357179,122834.58513421017
COL_357180,131072.20775584344
COL_357214,29192.027336812753
COL_357243,80432.44428213299
COL_357294,336716.29552512406
COL_357296,82824.42276677385
COL_357328,24078.97806136278
COL_357329,19486.564402029093
COL_357331,20119.836294014065
COL_357591,49761.13171570886
COL_357674,62161.10377260338
COL_357819,55583.74047942981
COL_357939,33339.51625156068
COL_357974,63306.469533523115
COL_358084,32123.72252526971
COL_358132,55548.51594338189
COL_358232,30153.15170176429
COL_358276,50936.02613827305
COL_358345,88364.12956126801
COL_358346,90095.60507390802
COL_358399,178960.5663528738
COL_358409,53512.15980644906
COL_358650,55733.17108933725
COL_358680,58446.19876759221
COL_358681,64752.805340196704
COL_358684,33155.58327115759
COL_358785,43967.39170298126
COL_358809,42895.90558253498
COL_358838,47686.34126106843
COL_358860,43029.74166507035
COL_358903,18571.566256436723
COL_358918,77749.0327389034
COL_358919,69419.19449737448
COL_359017,122202.86271173411
COL_359184,75151.84917977353
COL_359231,39631.545317056894
COL_359287,77883.52531623963
COL_359445,29848.077055122616
COL_359491,62018.91755401669
COL_359659,89902.49499134261
COL_359709,39985.0969058881
COL_359737,76617.72710645795
COL_359790,57621.32869342794
COL_359919,58757.47880074758
COL_359952,47799.96266755011
COL_359998,39793.80920444017
COL_360122,44036.84684401445
COL_360130,54210.2530118859
COL_360208,44161.84249695724
COL_360271,45154.64541623427
COL_360276,37622.999839401615
COL_360277,61974.49736034733
COL_360356,38592.980916091634
COL_360445,64659.15959578083
COL_360564,39631.545317056894
COL_360668,37690.777965216155
COL_360703,69782.87537920428
COL_360822,52827.53761882798
COL_361154,60851.285077055516
COL_361255,162615.38136312432
COL_361394,43749.86185710301
COL_361459,41377.964428023406
COL_361605,103839.60470099936
COL_361689,38106.16324899791
COL_361827,64318.00699579687
COL_361842,65925.34376284434
COL_361905,250205.28186304003
COL_361973,160652.39551426366
COL_362013,165309.65099625473
COL_362046,32566.227516368424
COL_362150,77419.96211698247
COL_362151,51980.7973963832
COL_362152,35911.480561228454
COL_362153,42888.29010225108
COL_362154,34706.588580229596
COL_362229,39920.03145000455
COL_362246,261563.06658251115
COL_362248,204185.31240049715
COL_362262,43790.60982675203
COL_362294,279675.6517185484
COL_362348,47878.34612566925
COL_362497,84471.42796151209
COL_362498,85805.35443761852
COL_362499,55134.010139342
COL_362500,50213.75064369656
COL_362501,66663.08127382002
COL_362502,49784.25634404965
COL_362503,55119.816795128834
COL_362504,59693.25956579943
COL_362505,60040.7107297237
COL_362506,59033.41792763782
COL_362507,57950.56173692883
COL_362508,53104.618784618506
COL_362583,39749.085956009614
COL_362707,39364.35212392171
COL_362717,57976.21555884499
COL_362999,37411.00014704591
COL_363073,74817.98438603763
COL_363180,35197.44968324386
COL_363332,29500.078433761897
COL_363375,49976.08125330609
COL_363376,64335.66449253878
COL_363408,55422.444591676
COL_363479,43936.318476811924
COL_363480,59340.68820796431
COL_363826,51914.616035896695
COL_363911,67664.40421297733
COL_364047,90168.57707349551
COL_364051,51029.724806537575
COL_364053,45725.5850117074
COL_364201,33413.51599741222
COL_364302,47173.48709539345
COL_364411,63784.36873709935
COL_364507,57765.1907009768
COL_364716,79227.63098480641
COL_364810,49929.02337558946
COL_364830,64908.565078169195
COL_364885,39915.548846643665
COL_364889,37280.978334685875
COL_364994,75077.81799586822
COL_365066,43145.72653159127
COL_365439,62544.749493993215
COL_365528,42784.2983436356
COL_365550,48189.771181046686
COL_365615,290091.3090674386
COL_365632,174133.300005909
COL_365671,28076.151289257497
COL_365899,64691.14885143286
COL_365987,68411.27747738728
COL_366038,72919.13791975536
COL_366048,53262.819929347694
COL_366184,56273.31678792484
COL_366254,147682.3051345498
COL_366349,48954.067836270304
COL_366512,34043.491786627754
COL_366696,64834.43175883648
COL_366865,33199.77163451725
COL_367190,37258.38447071535
COL_367202,68608.00606529275
COL_367213,95957.7282081789
COL_367229,42548.769096855845
COL_367256,59795.4813172737
COL_367288,49210.40271346759
COL_367318,53445.823172150274
COL_367362,50878.90169323845
COL_367381,36817.232993681944
COL_367407,61896.30863219202
COL_367515,47145.03481206537
COL_367614,30227.137436179997
COL_367646,18082.617136178378
COL_367648,43435.6855165591
COL_367807,77034.13407931985
COL_367808,83311.3166471094
COL_367889,54734.734963986084
COL_367998,55192.99180421808
COL_368007,150614.37620998762
COL_368014,42172.2952051896
COL_368023,48277.11656270608
COL_368040,46492.54367017532
COL_368045,62979.71250980212
COL_368104,74640.90863298732
COL_368389,51735.20219708343
COL_368391,61009.22647260753
COL_368397,51048.98957384933
COL_368411,48743.81740557836
COL_368415,80393.58766024356
COL_368444,78297.94417706243
COL_368452,74579.40315185388
COL_368453,56244.354840213855
COL_368606,67799.88091381767
COL_368697,58928.08264852359
COL_368754,54674.57366265522
COL_368783,30232.413205081393
COL_368824,37876.406014636275
COL_368829,67056.4505965318
COL_369107,43862.581275280434
COL_369112,41767.64773939487
COL_369173,55824.232895156616
COL_369210,54949.585501717345
COL_369256,67479.95825095157
COL_369278,56245.85225212923
COL_369313,46319.68414706284
COL_369325,79287.9247771072
COL_369342,77304.72043372263
COL_369376,65427.93678450753
COL_369391,50026.34266970116
COL_369476,67656.31238874016
COL_369546,29125.6075779338
COL_369589,66626.61201096541
COL_369645,29372.255155208768
COL_369668,68888.4597226807
COL_369718,53393.828027790165
COL_369721,72618.90451306684
COL_369751,61166.49197793353
COL_369882,66139.32417003953
COL_369926,39133.29631098505
COL_370048,52697.90754413438
COL_370103,64449.230157871934
COL_370147,67912.31318660786
COL_370197,216239.26930890168
COL_370225,41890.31624285052
COL_370443,52917.264407874274
COL_370450,45763.77854441004
COL_370459,219772.18299922935
COL_370464,62535.63621181978
COL_370662,80472.7135578109
COL_370698,55236.50510385089
COL_370735,61848.51479258429
COL_370805,61267.09321646355
COL_370808,52072.80837369532
COL_370830,66109.52320691377
COL_370924,31707.397179072097
COL_371007,36683.644248555516
COL_371017,32581.7886528385
COL_371052,68060.24734617362
COL_371053,54519.319053174266
COL_371091,47058.04248337091
COL_371132,33877.42698743094
COL_371154,43956.851036829816
COL_371167,47366.76318281019
COL_371424,45987.725070804445
COL_371437,48452.85516259054
COL_371438,32463.481543441667
COL_371439,32220.933898592863
COL_371519,62652.170922518584
COL_371520,127068.37017728254
COL_371524,42644.927003199846
COL_371544,73001.99667332965
COL_371597,235651.42101089726
COL_371613,63548.15143533684
COL_371651,174656.53694060762
COL_371663,234480.11729764155
COL_371669,154190.32641768333
COL_371678,77390.91402176852
COL_371685,60537.045268428075
COL_371692,58384.764352755956
COL_371738,20877.07271825995
COL_371773,145837.64809896777
COL_371787,81253.44486727008
COL_372293,76672.10690560174
COL_372323,42429.50905691883
COL_372367,63379.212598056736
COL_372424,57115.712900679726
COL_372425,55780.03404588519
COL_372443,214579.28377068925
COL_372456,65963.56010773506
COL_372498,65583.1259883909
COL_372559,38228.142728207924
COL_372561,60258.53762751562
COL_372592,74825.51670015673
COL_372593,68489.07770184995
COL_372603,234992.21239521715
COL_372619,59475.46920381255
COL_372713,59084.60483256692
COL_372777,54612.24773027641
COL_372803,74293.25819455856
COL_372841,103936.08336071878
COL_372873,59459.366490565626
COL_372875,99848.57417849556
COL_372902,78679.13027905511
COL_372920,55742.88575787183
COL_372930,265612.8201630401
COL_372932,154571.88284153453
COL_372945,133411.27350432362
COL_372969,65339.20111214978
COL_373027,78654.60540736493
COL_373071,58179.17873906444
COL_373075,68559.43607503656
COL_373101,75803.37015716912
COL_373105,43956.82331054496
COL_373106,44358.7906989071
COL_373107,38176.650276241824
COL_373108,40827.75369613859
COL_373180,36889.00425245571
COL_373195,293380.15511636337
COL_373197,296214.55230166833
COL_373289,78473.18539220281
COL_373291,44329.26220030339
COL_373414,41635.696937769244
COL_373415,64413.82580645561
COL_373441,100991.0715737752
COL_373467,52347.10560300041
COL_373522,62154.7034368328
COL_373627,48016.74522481084
COL_373675,244425.8321202138
COL_373917,52770.436978285376
COL_373938,188429.75592070288
COL_374058,48628.9666847306
COL_374154,146898.05686413776
COL_374182,42196.96032832279
COL_374183,113564.57264050275
COL_374232,57748.621175938424
COL_374272,66220.34917258823
COL_374299,33624.51561158575
COL_374416,30604.99135299155
COL_374494,79009.49431482302
COL_374515,57025.25769732129
COL_374570,90290.52341302812
COL_374858,33386.94969634898
COL_374867,37393.94409457235
COL_374899,63981.58322714294
COL_374955,41364.858750525105
COL_374975,55391.981295819154
COL_374997,38858.84969900508
COL_375026,44642.63819127743
COL_375033,36708.92595373145
COL_375103,52608.954196257066
COL_375118,42222.79849845657
COL_375119,56494.68867321476
COL_375120,50290.37549621376
COL_375121,47076.67858553717
COL_375183,51428.187749833785
COL_375452,64390.968659608014
COL_375463,71487.90108542048
COL_375672,56600.84840858641
COL_375673,38760.80695112585
COL_375716,134073.73878649087
COL_375781,34074.85220841407
COL_375859,25895.365259177255
COL_375888,48271.647119184214
COL_375893,152398.281798611
COL_375899,37030.28107254059
COL_376021,48513.13507073915
COL_376102,227112.7914284898
COL_376206,37021.895036525515
COL_376211,47678.73774152897
COL_376366,191845.60315159685
COL_376367,153979.44828990963
COL_376368,96984.21558834854
COL_376405,60684.54929910287
COL_376443,178441.47369904807
COL_376475,55524.94142337782
COL_376477,57771.26015259695
COL_376499,187400.74674000219
COL_376500,216142.99663867848
COL_376524,48396.59669262513
COL_376613,33448.03566742588
COL_376661,65572.8647511109
COL_376674,58040.806362211835
COL_376690,22314.588556428876
COL_376712,57382.61199269199
COL_376778,34808.21911771329
COL_376800,32303.227829586554
COL_376801,31780.35774430746
COL_377066,31347.093665700493
COL_377074,34809.32652386499
COL_377093,53600.251826790874
COL_377113,31867.87072782706
COL_377118,45361.88875509469
COL_377131,57485.57727997716
COL_377356,47685.36235463974
COL_377543,54515.50587498404
COL_377546,64757.73463066867
COL_377548,55769.80003415926
COL_377689,210237.3780804852
COL_377713,98201.1799460974
COL_377714,88675.50645144412
COL_377715,44232.33059608385
COL_377731,49323.92485513841
COL_377732,127995.82533308567
COL_377910,56779.41080432715
COL_377931,53005.58296099749
COL_377977,24227.356862998728
COL_378088,43246.70241103401
COL_378144,54835.7320495162
COL_378155,30124.7327985936
COL_378170,56735.93647065379
COL_378178,54141.9244435248
COL_378194,59739.841036287355
COL_378195,102046.44580811691
COL_378227,56363.868678878185
COL_378236,63392.92499666721
COL_378342,108562.71812701313
COL_378364,48199.27293526902
COL_378406,42859.15955883477
COL_378444,55445.26646708042
COL_378460,37395.19777233343
COL_378506,57957.1303569259
COL_378544,27890.538182407283
COL_378740,59556.241576129374
COL_378743,39156.87985311085
COL_378846,43395.370855662535
COL_378872,44614.464824318835
COL_378873,186402.6999248244
COL_378880,81482.05472551381
COL_378885,28773.71695755348
COL_378904,42476.23807076285
COL_378971,43751.34786685987
COL_378972,66002.01094137965
COL_379131,61411.212511114456
COL_379199,55389.37029711578
COL_379283,50475.642072619645
COL_379294,18184.522944362136
COL_379338,61081.048851872714
COL_379341,86264.50102199936
COL_379374,312484.3683471561
COL_379401,39243.442810185355
COL_379549,27250.227036722717
COL_379551,44782.085556785605
COL_379552,67141.83539955338
COL_379553,75472.05900714936
COL_379554,66498.4830636769
COL_379555,55719.11231136015
COL_379572,144435.28344143793
COL_379670,26746.20822293176
COL_379673,37821.66525366559
COL_379680,89030.88594689032
COL_379744,48337.86597074195
COL_379766,31054.44672874284
COL_379823,34528.31885117211
COL_379827,47850.61378841891
COL_379833,44539.111843679355
COL_379915,24339.50762704965
COL_380084,48910.81475958357
COL_380212,45553.5143267528
COL_380276,58750.78372077746
COL_380379,40358.94240019367
COL_380404,56122.8592669209
COL_380433,58811.94458870971
COL_380581,121464.36696037065
COL_380583,110079.97727372793
COL_380584,127367.09235897975
COL_380676,98679.13488320998
COL_380727,147457.92432873338
COL_380729,27808.7883699972
COL_380779,64698.744427618076
COL_380849,29130.385319745415
COL_380889,28852.259297162323
COL_380920,45351.04360801495
COL_380981,36762.71546699709
COL_381005,63369.7906579842
COL_381044,44898.333952624926
COL_381093,25326.71734066558
COL_381129,56069.35537356946
COL_381130,76213.49409651954
COL_381131,77716.93340596503
COL_381133,66375.46976184881
COL_381134,54266.565327905315
COL_381135,59210.713797922115
COL_381189,44870.45932371406
COL_381190,76314.19645715237
COL_381202,54313.04525228679
COL_381203,56144.78892703857
COL_381204,54252.76591442614
COL_381231,55018.980691374236
COL_381295,41376.01589637165
COL_381296,37641.6671901341
COL_381371,48719.949904185196
COL_381445,49909.98865208824
COL_381470,38589.66556977706
COL_381567,72229.91402565992
COL_381672,42217.608282919595
COL_381741,38806.50477078871
COL_381885,76949.74744012154
COL_381909,54377.841274110084
COL_382242,65682.0812206511
COL_382342,77081.50157687104
COL_382345,67248.15665548379
COL_382539,53076.22909930264
COL_382709,53462.33866261664
COL_382788,39108.606642681785
COL_382792,88206.16189205609
COL_382995,98538.35005625858
COL_383020,58642.88543561152
COL_383043,51236.16058381396
COL_383046,43765.98163435848
COL_383264,280072.5029290101
COL_383272,74095.53687871652
COL_383299,54094.64919273312
COL_383308,40348.9086646364
COL_383393,51576.01279067681
COL_383454,66665.19241416102
COL_383480,57185.00035345313
COL_383482,56094.158043909454
COL_383558,63212.88339845166
COL_383684,78957.15770857583
COL_383726,27442.203331994882
COL_383773,72515.5194216193
COL_383810,56811.950758837775
COL_383855,65711.36846008603
COL_383866,64332.09516150791
COL_383966,41092.10375003365
COL_383981,27945.422664697195
COL_384006,47281.98652583145
COL_384016,43797.88636995127
COL_384022,43994.90011854598
COL_384106,107149.51662588613
COL_384116,186318.46413243999
COL_384222,196457.16994301172
COL_384231,64884.803867363895
COL_384295,68427.10169912597
COL_384325,66522.51078369637
COL_384362,45225.458162828894
COL_384398,40436.45292055307
COL_384499,52977.374343424926
COL_384636,125770.70355258782
COL_384650,57147.45805043115
COL_384670,155851.99442381703
COL_384718,81945.65302668566
COL_384720,150518.09816177937
COL_384721,178337.98675493553
COL_384722,168586.71104071735
COL_384723,171033.8859055248
COL_384724,162484.95311594856
COL_384725,177300.1262673429
COL_384726,168816.48713026327
COL_384727,162484.95311594856
COL_384730,20066.755867074535
COL_384743,48307.078317681975
COL_384801,65314.62691541169
COL_384841,132343.6801180769
COL_384884,60032.30007967783
COL_384916,26535.557478879084
COL_385075,57650.59072510571
COL_385133,60484.28668714844
COL_385148,64389.371509253295
COL_385149,71271.43535324914
COL_385150,63000.45597430297
COL_385159,50160.54841229755
COL_385204,88214.71685362574
COL_385211,36421.79529166309
COL_385220,68496.90086744155
COL_385264,52320.2318241176
COL_385312,64447.02223616006
COL_385327,50964.91658449471
COL_385345,46183.16960480656
COL_385371,38463.3689728123
COL_385388,29320.963609262457
COL_385489,30668.33604901946
COL_385511,36877.94140685332
COL_385541,130368.10078018504
COL_385575,116633.97487562716
COL_385576,63409.831545743065
COL_385683,71269.19011216634
COL_385739,57067.87674819163
COL_385814,47986.90819886979
COL_385828,155264.8828206037
COL_385939,33355.10366669015
COL_386160,75519.12307306578
COL_386195,66098.10512001271
COL_386279,60547.721883399245
COL_386331,46579.18214240304
COL_386767,58384.05845019643
COL_386784,59490.444952815444
COL_386857,34758.32359901795
COL_386871,71626.28994092454
COL_386878,71186.35001093098
COL_386926,43007.308973621126
COL_386954,42354.90161697297
COL_387107,63629.00739229367
COL_387125,21551.99586202581
COL_387135,100069.5608918124
COL_387155,48934.34087883097
COL_387163,57611.796716050296
COL_387211,49947.00604702251
COL_387222,63361.038940072176
COL_387276,36931.1319165428
COL_387277,65130.64948496387
COL_387280,64910.5149753207
COL_387304,70702.46098584622
COL_387357,39528.14510596929
COL_387381,52472.891099679495
COL_387425,134392.8543073973
COL_387426,150644.27906640002
COL_387452,221109.6780445748
COL_387541,168713.40162316186
COL_387600,62046.296952604316
COL_387837,48902.84575746082
COL_387921,39461.2183636986
COL_387922,194411.06253235252
COL_387925,67918.87968116647
COL_387934,51712.180959746205
COL_387935,45601.61716122589
COL_387937,56301.35897438408
COL_387947,23036.348674243156
COL_387952,82666.58060932046
COL_388150,85029.40703080122
COL_388157,47990.52223328613
COL_388176,203045.78943085397
COL_388178,70306.29044071323
COL_388246,103597.75804949869
COL_388315,50799.632623883976
COL_388325,37878.00861190674
COL_388360,61445.72276003262
COL_388403,106281.875729566
COL_388416,59478.53624211006
COL_388433,55212.52028412033
COL_388447,63750.56379429399
COL_388465,19318.457788944463
COL_388500,54691.826991667614
COL_388505,93348.3193109774
COL_388507,34705.49797356791
COL_388578,64715.9258985898
COL_388589,53617.05790670543
COL_388651,42594.46503240222
COL_388675,32666.798501264013
COL_388732,59189.79635095235
COL_388790,46718.35702634966
COL_388863,62989.6541800916
COL_388911,42898.29479991704
COL_388927,59759.86665814219
COL_388962,47858.78988774517
COL_388964,78843.61525309345
COL_389021,128450.10349856396
COL_389080,67215.5725801017
COL_389139,92957.48371078324
COL_389140,81603.93705539871
COL_389175,37313.156762487706
COL_389176,44818.43663706778
COL_389230,78119.75338748303
COL_389264,86075.57219851592
COL_389373,82075.75424944655
COL_389408,170566.64887208812
COL_389425,108582.93603220915
COL_389438,41120.38430561888
COL_389459,62153.93656774847
COL_389488,29957.970053808865
COL_389576,67456.74281046356
COL_389663,54740.713167993934
COL_389787,101057.56629948507
COL_389803,51919.686011951526
COL_389884,59459.63086792517
COL_389891,43459.26604096443
COL_389905,206975.62640754378
COL_390149,77683.1153575606
COL_390150,31951.95452414667
COL_390151,31951.95452414667
COL_390152,68482.29483449283
COL_390176,49875.51661976992
COL_390177,69888.4848870548
COL_390178,50069.88565101827
COL_390179,51159.9121359048
COL_390180,56455.77954047019
COL_390181,57847.32040584851
COL_390237,53554.10506431727
COL_390259,59050.55498225179
COL_390270,55509.814290891154
COL_390312,95942.13278969063
COL_390313,95430.01013150968
COL_390320,86124.35970125452
COL_390321,82737.41931837356
COL_390322,90476.11210492771
COL_390390,41033.03217278117
COL_390394,31932.831149757258
COL_390447,47758.702546780965
COL_390474,61016.69771185031
COL_390485,53158.41745859553
COL_390656,68724.7800727447
COL_390675,70807.77756369759
COL_390720,44533.25389847938
COL_390759,44696.27568340679
COL_390760,62054.18777195349
COL_390761,235031.55975642015
COL_391004,64969.180989825756
COL_391012,76643.40647617052
COL_391064,221560.2319421107
COL_391101,38290.12697464382
COL_391115,97225.79482818078
COL_391171,44207.17942424612
COL_391285,63844.43553564829
COL_391330,59186.655241203895
COL_391418,58822.85301589886
COL_391464,50273.18336990927
COL_391466,35184.92429205915
COL_391556,35528.26461466195
COL_391648,21009.70177072294
COL_391650,29355.255540184706
COL_391754,33162.237069951036
COL_392218,82588.74884494652
COL_392243,68213.80052216741
COL_392279,21649.40858612956
COL_392303,41962.19468487383
COL_392497,37856.99766268287
COL_392554,50244.4724603383
COL_392663,45583.940890603066
COL_392737,47317.6989854369
COL_392878,41236.503405154945
COL_392908,42032.062188656695
COL_393015,60546.53039294451
COL_393045,85953.85660133675
COL_393092,62702.02787338775
COL_393145,36672.19889009604
COL_393278,68981.26489743448
COL_393287,22700.109160943422
COL_393363,37922.60213956832
COL_393454,201163.48959746957
COL_393463,33283.75858602516
COL_393493,65832.63202245702
COL_393543,188855.97405957512
COL_393581,62659.613165158604
COL_393625,52975.95244764285
COL_393647,37616.292602024085
COL_393648,50140.728941371366
COL_393761,46096.95742642602
COL_393770,148479.35719644336
COL_393784,144381.86057561592
COL_393830,165594.31465438212
COL_393834,199809.86467429798
COL_393843,127923.41400093066
COL_393924,30130.680339177547
COL_393930,53610.44300594929
COL_393931,44640.04409043091
COL_393953,49759.4116413866
COL_394142,50786.43704223312
COL_394224,180851.28184497738
COL_394448,80603.07847627679
COL_394726,88983.28095721081
COL_394737,51097.91333067368
COL_394738,38947.74758340245
COL_394764,235412.1675272059
COL_394777,26301.463147743838
COL_394783,47460.43573210867
COL_394811,115118.48875306812
COL_394849,110321.34082886265
COL_394857,76917.56394869377
COL_394922,43230.11254260785
COL_394988,80798.54330458936
COL_395063,78056.47357082533
COL_395135,62216.29154755112
COL_395184,69732.53953973051
COL_395191,33595.75261263638
COL_395196,66333.3478644801
COL_395197,52527.05450855018
COL_395209,49760.35749190691
COL_395214,70296.47931275025
COL_395226,61802.64713448805
COL_395281,166634.2067633582
COL_395296,27019.22907148846
COL_395344,49060.98712466203
COL_395573,58457.6550179051
COL_395574,60567.15977141587
COL_395608,27406.2209982223
COL_395713,26446.737649648916
COL_395714,31056.276262021478
COL_395715,27776.61156338379
COL_395717,84462.63149443876
COL_395718,50570.337789173704
COL_395771,28929.50671793829
COL_395816,378045.6497391167
COL_395841,48306.23924483591
COL_395898,50308.814193364546
COL_395904,62285.60852817633
COL_395929,67848.85046639873
COL_396047,205732.3192750624
COL_396072,51765.3679420487
COL_396104,290091.3090674386
COL_396114,48330.67563291532
COL_396161,33230.03707927033
COL_396162,32427.348024027364
COL_396197,60408.141077521585
COL_396213,41551.73879776527
COL_396366,38380.29357770606
COL_396368,34956.17173457627
COL_396373,31152.82884455177
COL_396385,56366.393769280316
COL_396389,62152.419807383514
COL_396399,73465.61254924574
COL_396434,70893.31534715714
COL_396522,60879.266667739954
COL_396536,56118.239744644176
COL_396544,57442.96662956594
COL_396605,79232.87962469079
COL_396766,44368.90656699993
COL_396828,54120.74023364459
COL_396833,48504.47670723542
COL_396838,33918.32478706377
COL_396937,48130.69500520633
COL_396959,67199.10421547468
COL_396960,83143.87175528455
COL_396961,71001.73963830466
COL_396975,41504.035740409
COL_397004,63115.76001951213
COL_397068,65143.97261706776
COL_397220,70629.37666547296
COL_397251,66905.11192079089
COL_397387,22013.14650063154
COL_397408,301890.8616124301
COL_397515,460255.53265669756
COL_397613,68904.5086976128
COL_397736,47400.21889699298
COL_397747,70770.16045672624
COL_397860,61339.12844966208
COL_397875,27228.18856924244
COL_397928,69501.47226002073
COL_398072,53956.066658597825
COL_398073,68017.40683134759
COL_398193,48206.00432821534
COL_398230,59918.37996923619
COL_398232,107305.90261258326
COL_398238,65426.75674414845
COL_398375,53188.49583018087
COL_398381,56838.02407607904
COL_398395,47055.65399506291
COL_398412,52533.10586073599
COL_398466,55016.86908402728
COL_398494,29047.43460872369
COL_398545,49183.92011159005
COL_398781,54560.94439147862
COL_398819,62722.37005164883
COL_398836,68542.05909932451
COL_398868,140049.9268617309
COL_398879,61325.0183702215
COL_398902,45061.60883037971
COL_398904,69770.88573690066
COL_399019,34270.76835497962
COL_399049,65854.04499135284
COL_399059,47707.157597315905
COL_399127,109022.77888520775
COL_399459,73105.97709641485
COL_399529,59898.62851105902
COL_399530,38422.11824854433
COL_399886,92970.9353724477
COL_399931,58894.71582418772
COL_400024,84465.90734874803
COL_400104,64033.02662557659
COL_400156,41384.69622152494
COL_400161,52719.247011184154
COL_400207,45210.91880345879
COL_400215,45584.95181619061
COL_400271,52821.07049785627
COL_400272,51882.62594364123
COL_400380,42065.86385747435
COL_400422,18078.111909268177
COL_400487,75504.3280488386
COL_400545,73776.47142873684
COL_400546,75838.38457228734
COL_400549,73494.55858066399
COL_400554,59785.00058385675
COL_400610,64740.472365198235
COL_400630,40535.855097923326
COL_400640,61069.89298806629
COL_400645,65593.0296379462
COL_400652,33681.12515781824
COL_400802,53110.492225950664
COL_400811,58405.94606177534
COL_400840,76083.28458851366
COL_400904,65303.09621656682
COL_400940,191764.66573623297
COL_401007,55744.14264959331
COL_401013,49661.76130072939
COL_401269,242189.10239389437
COL_401392,374019.7264568299
COL_401419,120031.11469796703
COL_401547,37417.3274713009
COL_401587,80200.75246036463
COL_401661,76249.4967984485
COL_401705,55961.606465225566
COL_401767,71352.00659056549
COL_401797,42752.207105769805
COL_401868,60986.79726593965
COL_402016,44640.811996020006
COL_402348,31026.33169003803
COL_402421,56697.758571502985
COL_402474,71229.52168563218
COL_402475,118706.43450161004
COL_402507,24629.577358198672
COL_402530,60904.607762662774
COL_402555,61263.54065392579
COL_402739,234918.84287812078
COL_402789,39569.72609354879
COL_402795,53618.62051823274
COL_402894,34825.58083688865
COL_402928,53209.01926674484
COL_402934,59270.357782449486
COL_402936,70344.35835715439
COL_402957,52174.72036823483
COL_403052,51060.200337910996
COL_403101,84196.34014179406
COL_403137,75267.57628877883
COL_403139,54685.228692882505
COL_403160,49524.07165220052
COL_403161,53057.058071301864
COL_403162,54407.22103945034
COL_403165,57383.87884677978
COL_403242,41404.0954167247
COL_403418,38574.91123513556
COL_403560,45718.67779424517
COL_403564,53697.89983772867
COL_403610,60915.55530420545
COL_403634,45940.99580305938
COL_403737,83962.80277542914
COL_403848,83613.17695228105
COL_403854,57244.55284060978
COL_403937,72901.03417209935
COL_404130,178396.43684320163
COL_404143,61839.583541136184
COL_404183,34837.186582820344
COL_404215,66423.63446548239
COL_404333,84045.71422556197
COL_404345,49148.31083076603
COL_404438,82336.82316275997
COL_404439,57530.8231067143
COL_404491,191224.09008283156
COL_404576,33655.1310378184
COL_404620,30207.90799770929
COL_404651,46547.91352680193
COL_404736,27553.86787672683
COL_404745,49523.48602434551
COL_404784,50480.842214624514
COL_404872,46065.22111433926
COL_405059,68905.75506538758
COL_405127,32566.227516368424
COL_405143,67537.66692026795
COL_405156,52577.416169788296
COL_405235,50951.162804227955
COL_405303,47794.27484233629
COL_405345,66652.15854908498
COL_405398,60003.78791350916
COL_405399,57009.52387494504
COL_405507,38472.93384501562
COL_405529,68584.91173400536
COL_405658,57200.28994311813
COL_405666,51537.861816356264
COL_405711,45444.42914973314
COL_405811,51815.32894393958
COL_405951,30036.87368509911
COL_406025,94816.5800361163
COL_406081,84044.23817062205
COL_406092,74851.7278197468
COL_406116,46056.27435299446
COL_406145,39871.60404397549
COL_406171,49850.80110683224
COL_406232,65972.86129470074
COL_406234,63571.458147328296
COL_406275,91320.8045346018
COL_406276,78169.94742261745
COL_406277,61931.31702229898
COL_406278,67504.3291978481
COL_406279,60832.05908910484
COL_406291,41761.69660616106
COL_406380,62265.61028282411
COL_406471,71793.07060367591
COL_406524,39625.834910422054
COL_406525,36315.74927371838
COL_406577,42010.808231745104
COL_406642,343436.76170578826
COL_406698,61302.06843066261
COL_406765,22835.06740859375
COL_406819,69884.48686490966
COL_406981,66783.90800953892
COL_407017,53120.71039371301
COL_407064,33319.12834757268
COL_407236,253626.51418101756
COL_407262,88706.06583713628
COL_407274,106455.70893798927
COL_407301,50045.59628999597
COL_407334,39003.8225490348
COL_407372,58749.86620385607
COL_407383,39793.80920444017
COL_407391,51241.392404923885
COL_407415,34837.186582820344
COL_407480,70025.20369703865
COL_407570,156769.19252228737
COL_407627,52810.88485726123
COL_407634,128332.18978328149
COL_407635,116045.98913394596
COL_407683,37657.26283873709
COL_407899,61345.1357409042
COL_407927,53816.64894606577
COL_407936,44550.30986606528
COL_407956,35927.13289095214
COL_407969,35742.19981180696
COL_408007,36997.760619107255
COL_408026,59960.6916566238
COL_408056,44053.793942547956
COL_408156,77942.71566101474
COL_408157,61233.1122808194
COL_408181,51158.947015082726
COL_408230,54272.939859697144
COL_408276,108642.03571547632
COL_408313,59369.38357995949
COL_408317,37211.05494740346
COL_408318,37294.89199024497
COL_408319,47513.24549332348
COL_408320,41399.33920566259
COL_408349,95396.78137289565
COL_408552,99848.57417849556
COL_408565,55697.362323762136
COL_408672,55492.763571795345
COL_408682,79174.07004010188
COL_408686,40122.113012570975
COL_408724,28157.628366476696
COL_408765,45267.58785193843
COL_408832,51724.47187634559
COL_409107,84766.36062300327
COL_409486,82095.15295515236
COL_409495,43907.33998129313
COL_409540,204197.48682653913
COL_409590,60340.24828044359
COL_409662,46353.348898478594
COL_409668,47224.78769628906
COL_409784,63278.267620356
COL_409790,68059.36121932349
COL_409858,32558.633597370106
COL_409866,30665.97704067359
COL_409962,24312.20893469418
COL_410295,79380.19358610964
COL_410302,34389.45006520346
COL_410316,56019.946852952504
COL_410448,43015.06294973199
COL_410498,45008.858724260055
COL_410525,44349.43958069426
COL_410534,97909.15467982438
COL_410549,36027.336297410904
COL_410657,98461.41702877189
COL_410724,83876.53387041288
COL_410778,61678.17315450313
COL_410957,36962.129352223
COL_411043,80621.22541547463
COL_411096,212751.17524159938
COL_411111,55179.171480935576
COL_411137,82686.21007821128
COL_411195,52069.08410696701
COL_411202,43391.36629989068
COL_411220,123523.04504216547
COL_411221,141676.69686466228
COL_411238,50960.37484264489
COL_411275,39594.15400359883
COL_411301,44028.61747759339
COL_411514,54539.33205378129
COL_411540,45757.66826166576
COL_411700,32156.73794486432
COL_411961,29579.912835255134
COL_411962,47383.953202722645
COL_412082,38606.19422945489
COL_412105,35665.64930233311
COL_412122,26795.257580695397
COL_412124,53090.35227796871
COL_412125,30337.194267780826
COL_412244,30701.18670150038
COL_412251,52715.853839275456
COL_412275,49041.218076949895
COL_412308,52727.02854319243
COL_412337,30781.364876496067
COL_412350,62998.8386128235
COL_412395,48375.10104100234
COL_412411,61065.27994304615
COL_412491,72089.04441129818
COL_412575,30263.06995067421
COL_412583,54565.41836222476
COL_412606,39377.97701569651
COL_412656,83048.31526604402
COL_412697,41130.45586823157
COL_412711,38861.92790456621
COL_412850,95957.7282081789
COL_412851,50397.65098234078
COL_412853,33099.616060351036
COL_412856,42961.466006654795
COL_412857,29536.69998977617
COL_412925,166205.5844876325
COL_412926,164299.44816279341
COL_413217,83913.44895018854
COL_413225,78941.32331512321
COL_413258,79241.83674902453
COL_413261,53260.508841135874
COL_413262,59269.27226820163
COL_413270,17923.078041780245
COL_413271,79329.33218158255
COL_413275,36897.63879173658
COL_413474,134237.56234456575
COL_413482,53453.23503298846
COL_413607,42865.7780864949
COL_413678,24367.19064688057
COL_413943,68118.7847968406
COL_413976,64643.096578263685
COL_414175,244353.63089508223
COL_414193,44357.95296623623
COL_414295,27897.775044275913
COL_414337,181165.45902353257
COL_414380,14939.058147552016
COL_414470,60214.84293039252
COL_414471,33870.61676967559
COL_414687,50185.079717089386
COL_414867,47898.95652082779
COL_414930,53303.34803576809
COL_414931,101521.01581184013
COL_415267,64942.39137299198
COL_415295,59933.3642070233
COL_415296,59520.91560303538
COL_415357,157711.259734379
COL_415433,31835.169966995978
COL_415503,53689.84488405884
COL_415607,47250.603235892355
COL_415617,38851.16066726651
COL_415653,71452.34121335045
COL_415665,53363.08665192798
COL_415782,20713.377244158037
COL_415791,46013.25768611914
COL_415947,60790.33525665998
COL_415983,107031.78101840267
COL_415989,50758.60272930709
COL_416016,37295.45059758624
COL_416140,37354.90045089985
COL_416279,89523.93904814836
COL_416336,43238.56308576968
COL_416444,79636.59194606663
COL_416460,33997.34561319885
COL_416464,36577.71558265381
COL_416466,35917.145251093985
COL_416469,63301.70660417479
COL_416545,31632.72751813136
COL_416560,76750.34382700187
COL_416564,69559.55307654629
COL_416626,61494.25214814811
COL_416665,52851.66190920591
COL_416673,47491.30184842133
COL_416695,116662.37108189851
COL_416696,124612.60701296557
COL_416697,144022.3576561718
COL_416698,100777.64239611321
COL_416699,115947.159369841
COL_416700,114207.94541371118
COL_416766,30215.034647060384
COL_416774,45271.60680479238
COL_416778,43680.16106187175
COL_416785,65039.55775194206
COL_416814,49523.48602434551
COL_416868,35137.20414196073
COL_416894,71059.2291523382
COL_417030,35886.12995268837
COL_417049,81554.43028192679
COL_417096,62951.05010864339
COL_417122,69510.51277438679
COL_417124,77480.28052006439
COL_417171,81436.5284367437
COL_417174,12168.466041078907
COL_417228,34989.90494692438
COL_417236,86923.94978639683
COL_417265,88319.33318472281
COL_417266,47799.96266755011
COL_417267,69849.36970029271
COL_417271,39986.31410144517
COL_417284,44898.35320536931
COL_417318,70231.15197186105
COL_417423,40742.66560319267
COL_417510,21039.142642051636
COL_417566,38961.15589292595
COL_417567,34997.12739624933
COL_417588,46567.19088681557
COL_417745,56112.09857707508
COL_417886,43368.573800430284
COL_417890,39539.91828631253
COL_418074,29728.680459348645
COL_418076,46867.91988289433
COL_418114,49753.86558155219
COL_418116,47716.9240887528
COL_418130,40639.63596196151
COL_418135,35738.14701832557
COL_418144,32892.84925581534
COL_418176,60635.11931364082
COL_418198,100570.166650326
COL_418222,79003.2768621082
COL_418224,532707.5353471449
COL_418240,43032.9682892913
COL_418264,34945.5952622856
COL_418371,145296.7592838603
COL_418556,101543.02951197028
COL_418578,53093.233149906606
COL_418774,34741.678355936296
COL_418818,132854.63189335307
COL_418839,59280.87871410616
COL_418881,59962.39113572739
COL_418888,39343.40361722889
COL_418990,50075.78395606619
COL_419050,23298.610607310242
COL_419102,30168.95349693508
COL_419181,39387.35685993332
COL_419250,74976.07749472212
COL_419337,92736.36332542867
COL_419383,44361.44854939968
COL_419397,79917.04317806057
COL_419431,39775.53014860513
COL_419510,84704.69080567449
COL_419518,12702.490325017774
COL_419574,35593.57424881469
COL_419578,37769.744893100826
COL_419614,26677.16039598346
COL_419756,256873.4670238418
COL_419765,61769.67743045472
COL_419779,54248.32314717153
COL_419796,33849.40045743724
COL_419798,22519.509145458607
COL_419799,58205.2801478112
COL_419870,64578.04286097574
COL_419871,63995.46464816143
COL_419872,65242.02365934652
COL_419873,64882.801890076305
COL_420021,129683.64141322223
COL_420031,40280.06302671789
COL_420037,28529.74943100974
COL_420080,63089.86942292263
COL_420362,37690.76165095251
COL_420401,70187.90606963911
COL_420490,84173.8730868919
COL_420491,31910.181063382042
COL_420515,62655.196850661785
COL_420540,361545.03619606013
COL_420668,31170.35253408346
COL_420707,52099.55251167018
COL_420743,251319.57811797407
COL_420784,39276.36531395833
COL_420790,59928.614517629394
COL_420901,63894.35660660389
COL_421024,47734.213489164955
COL_421052,40451.34820664339
COL_421060,28724.899710617945
COL_421061,58709.68881420765
COL_421110,43282.018652304716
COL_421112,66344.30403707856
COL_421121,71245.48865367513
COL_421208,46713.81290981494
COL_421218,49059.576233772976
COL_421237,181394.54576785312
COL_421255,54445.584949949785
COL_421283,30371.645123422204
COL_421291,49215.0572254853
COL_421297,162615.38136312432
COL_421343,36301.3408821482
COL_421344,38434.07581104174
COL_421348,55288.59103945014
COL_421552,109964.94197856556
COL_421654,47497.188202359124
COL_421655,60910.70512362884
COL_421692,51904.1104274644
COL_421693,74842.94742872477
COL_422153,61074.87829872715
COL_422232,42654.79445207708
COL_422255,61476.94224351504
COL_422256,45017.987471511835
COL_422257,45322.12726714118
COL_422275,48122.3002392199
COL_422286,43981.14659912205
COL_422287,39305.36147834956
COL_422289,18495.84632586474
COL_422290,52040.937314347684
COL_422291,63835.79434701759
COL_422330,38490.142686886276
COL_422413,109159.18835086729
COL_422452,61133.281134423465
COL_422592,23036.348674243156
COL_422610,64156.45073635268
COL_422646,516860.67964404874
COL_422735,50878.67245197771
COL_422779,65782.44113424959
COL_422780,67605.77337067085
COL_422781,69828.7790910567
COL_422782,52919.36917843879
COL_422832,71649.90786844814
COL_422901,29269.184309435484
COL_422922,56228.11862330219
COL_422969,47244.379228679456
COL_422998,48244.65886964412
COL_423042,38855.30307081537
COL_423271,220445.76764657343
COL_423292,28277.334134701712
COL_423390,16040.148105311324
COL_423398,38869.03428187649
COL_423541,84420.56622665319
COL_423629,50493.69293362639
COL_423714,167861.4787155709
COL_423761,156777.64780616257
COL_423762,195482.62002726027
COL_423840,31260.316196164727
COL_424042,72674.60908883423
COL_424094,31264.296245559424
COL_424147,42602.79093230837
COL_424211,63857.93853936181
COL_424260,43498.687078993185
COL_424300,62145.06093163625
COL_424348,23730.55934922285
COL_424494,82896.63790034511
COL_424642,207650.74757574627
COL_424752,60724.04653665505
COL_425001,49760.35749190691
COL_425093,42150.387610461345
COL_425126,62677.738159682114
COL_425176,36338.88655808027
COL_425196,29015.831911471178
COL_425223,66120.06776533273
COL_425244,53496.1929895486
COL_425369,74948.13536780093
COL_425409,57450.33439828462
COL_425441,82911.51663858126
COL_425639,67650.99617051048
COL_425665,26648.138828055045
COL_425846,48148.701364110435
COL_425989,76870.16851900156
COL_426027,61763.39128641288
COL_426061,42788.15317675867
COL_426087,62730.79659722157
COL_426104,27801.939838349208
COL_426111,25500.904693734046
COL_426115,68284.27690183625
COL_426116,55299.11449320115
COL_426125,47557.27623337759
COL_426151,43903.234811538336
COL_426153,71740.67455501712
COL_426154,30133.446893383094
COL_426155,29858.15240043345
COL_426193,70863.41347912503
COL_426194,61388.248255621824
COL_426197,67715.49790379587
COL_426198,75483.25533571508
COL_426280,63903.25488043845
COL_426368,71691.00174957073
COL_426396,62964.53458789088
COL_426421,58389.00352458372
COL_426497,63734.4863264822
COL_426515,73254.84300856148
COL_426542,61134.3463034697
COL_426551,81574.1550013593
COL_426606,26933.378595086193
COL_426630,30892.649615856993
COL_426890,35464.09752226769
COL_427026,41786.65996110036
COL_427086,37694.73455743739
COL_427087,47705.76032734161
COL_427088,37747.59223847295
COL_427345,45501.72267341565
COL_427417,57614.70942318721
COL_427594,196612.4862223605
COL_427626,29907.498750696992
COL_427674,57169.08243916678
COL_427685,91639.4579181702
COL_427694,40564.36468248756
COL_427711,50703.95421581882
COL_427712,90871.80915865673
COL_427713,37281.49779018054
COL_427738,68709.39886071622
COL_427889,54144.88948253084
COL_427891,51000.44744510052
COL_427927,76530.01021219823
COL_428045,49369.50783401069
COL_428116,34758.32359901795
COL_428221,34760.11572605008
COL_428332,38866.95501922589
COL_428419,53881.00385964849
COL_428436,46154.58732995865
COL_428459,38471.54161230325
COL_428460,86472.55164178184
COL_428724,150909.75535868132
COL_428952,65093.632824806795
COL_428982,76523.89586258863
COL_428983,65502.23900776952
COL_429040,51310.91207522444
COL_429053,71078.4768101749
COL_429063,49036.96671570958
COL_429128,50957.485288109005
COL_429131,56131.28704596799
COL_429190,32619.468880659566
COL_429211,32524.00117663406
COL_429243,42741.54367158482
COL_429270,77259.08865598598
COL_429312,68028.99115536007
COL_429415,70256.89833411448
COL_429434,59392.00284597762
COL_429512,40184.11913970308
COL_429591,44641.19235589122
COL_429627,54877.04010489709
COL_429671,59092.76947863874
COL_429672,58994.490969450235
COL_429688,80500.5449975833
COL_429689,78910.23441223124
COL_429693,64166.57297326256
COL_429715,48504.47670723542
COL_429792,85045.83104040976
COL_429831,62396.32898612324
COL_430043,244494.12026657863
COL_430076,75732.68350375207
COL_430092,41328.959118890474
COL_430123,56181.06735121753
COL_430196,29894.90530604082
COL_430201,38157.35475404181
COL_430215,95797.85743566319
COL_430335,43228.29847892198
COL_430443,87197.99892463809
COL_430444,86830.7715396559
COL_430445,55706.88991007598
COL_430446,65882.1153465611
COL_430506,129846.63722762799
COL_430651,72445.53395364506
COL_430726,71705.22062698056
COL_430765,64276.15253526297
COL_431040,53558.444414324986
COL_431079,46918.815879948284
COL_431111,45372.21793412387
COL_431147,57471.73941447203
COL_431149,59663.91112376071
COL_431152,41962.86590343836
COL_431279,72003.67070115075
COL_431283,27604.825936146153
COL_431331,49388.25740551628
COL_431364,54540.02952877825
COL_431377,41593.64832454873
COL_431389,41039.530031407136
COL_431561,53163.44690264458
COL_431663,37971.70266036471
COL_431675,30234.71941959321
COL_431683,104262.00856529766
COL_431707,89805.64617543487
COL_431768,41130.45586823157
COL_431982,83708.85184025495
COL_431990,33433.00632183558
COL_432077,36058.74852842177
COL_432104,50324.836290755025
COL_432105,51315.55026928667
COL_432272,60159.747125317495
COL_432283,39760.82629742686
COL_432319,52555.96289330782
COL_432320,52149.45532672005
COL_432332,57975.63314942496
COL_432333,64149.97820426989
COL_432412,141094.26338611974
COL_432415,28380.056551869886
COL_432420,33866.100241455046
COL_432640,75256.58916301816
COL_432644,23372.44281525044
COL_432646,65465.552280318516
COL_432755,174656.53694060762
COL_433016,64637.913753248926
COL_433137,36231.821553512884
COL_433206,62977.711994366975
COL_433218,30741.226774293173
COL_433381,108927.48478735212
COL_433499,27170.23438608268
COL_433501,66390.5450632161
COL_433595,52207.65603687948
COL_434015,66991.39461136807
COL_434023,34763.67763611965
COL_434027,37926.85656124835
COL_434046,143963.85291742493
COL_434082,200061.76005746482
COL_434097,55253.31200008963
COL_434119,40759.83768777859
COL_434214,48169.35409603941
COL_434303,59175.993449857684
COL_434319,28712.100471925514
COL_434320,38075.753741084845
COL_434338,62344.524044363076
COL_434431,44562.86931907063
COL_434434,37725.59059043677
COL_434601,48822.03308124707
COL_434621,62470.18041258564
COL_434651,39127.51556524447
COL_434686,31026.33169003803
COL_434771,45507.72805877168
COL_434823,51499.257500914835
COL_434848,58503.85699560608
COL_434871,53939.46209599632
COL_435108,60134.424243764224
COL_435148,27513.085237902866
COL_435225,35759.97401248662
COL_435332,139632.56850441155
COL_435436,65367.0346930416
COL_435657,54776.507229342984
COL_435665,41410.78828458954
COL_435718,266004.86078174016
COL_435759,36466.21292904428
COL_435887,41014.52701235168
COL_435996,257592.13449822794
COL_435997,43840.5372600562
COL_436077,81263.11356903787
COL_436085,59742.83389087182
COL_436126,51145.89901365257
COL_436133,31861.609909356775
COL_436154,52340.35412355288
COL_436195,56759.7946187202
COL_436277,52578.92569893117
COL_436336,53167.34881762285
COL_436344,80853.94785892424
COL_436422,67387.31927505415
COL_436438,15365.447255713822
COL_436469,53917.31721404678
COL_436574,35716.3851939601
COL_436582,26258.864100536302
COL_436675,28464.693939386576
COL_436712,29363.001953766274
COL_436721,88793.16858104349
COL_436732,80508.79247227166
COL_436758,75732.68350375207
COL_436969,31175.613477998777
COL_437029,84870.73115595503
COL_437045,65165.426728111684
COL_437048,65374.17318979017
COL_437102,100741.18273901058
COL_437108,36869.25810957991
COL_437131,77270.21532044138
COL_437150,74239.54218195504
COL_437151,77759.85496283218
COL_437153,70266.4072287497
COL_437154,74666.66261547053
COL_437155,73736.47891073007
COL_437156,76208.90416836074
COL_437157,74530.98905219637
COL_437186,50877.451112199116
COL_437187,51204.656831762186
COL_437195,50215.90076873169
COL_437280,63301.46306539693
COL_437358,565783.129224311
COL_437384,83656.80740990685
COL_437385,89479.6984258613
COL_437386,111183.24233169532
COL_437455,45029.737625235844
COL_437456,56268.187069091364
COL_437610,32091.527964356283
COL_437874,33904.72624579929
COL_437881,39376.27675075451
COL_437949,39528.66700861952
COL_437953,49936.64567963918
COL_437972,50643.72237985413
COL_437999,56586.61319969751
COL_438013,102932.27597338884
COL_438024,50866.39376535983
COL_438136,39290.28789832741
COL_438164,181412.85985858197
COL_438343,66602.77854598736
COL_438424,47998.62363258993
COL_438451,28313.6678171924
COL_438458,61310.14531741701
COL_438466,231645.18885610206
COL_438470,63495.150176296185
COL_438603,94633.49934325354
COL_438755,281036.1492102029
COL_438836,46112.43833811917
COL_438853,67481.2441175356
COL_438878,66193.0200988799
COL_438979,57538.70342714412
COL_439032,20989.25433453884
COL_439248,77197.90809201513
COL_439348,80941.33262672501
COL_439366,70585.46064410986
COL_439375,78226.25785044508
COL_439448,64591.19660296256
COL_439463,56271.65292048739
COL_439473,53028.69291381179
COL_439546,51409.44331265605
COL_439560,31462.02867746094
COL_439603,65516.924393660855
COL_439708,50904.89589389788
COL_439738,44450.14207103856
COL_439739,41092.10375003365
COL_439741,52468.266652500424
COL_439746,61003.97010879809
COL_439755,58920.63835846399
COL_439868,43340.8891713458
COL_439909,37757.122498081764
COL_439912,34309.910598463146
COL_439941,39925.70175442315
COL_440220,37400.44307166601
COL_440226,68816.33949093013
COL_440257,54493.369989147075
COL_440262,45220.08956949794
COL_440318,68981.26489743448
COL_440336,37693.00657294666
COL_440347,134508.04736462492
COL_440618,45527.68491885795
COL_440788,56471.956239925465
COL_440831,27766.832999437378
COL_440889,49955.44670617646
COL_440892,63974.83645457208
COL_440903,67578.01489605883
COL_441033,38986.14769288074
COL_441069,51243.5934017305
COL_441100,44045.252063216816
COL_441105,85876.22793269649
COL_441129,45269.811354229576
COL_441133,63406.82875062833
COL_441162,56492.03664253483
COL_441185,55449.51331873635
COL_441203,53236.98324294665
COL_441213,45799.036342378706
COL_441222,42306.11354932554
COL_441256,41130.45586823157
COL_441291,46155.15940509361
COL_441499,45214.08321859688
COL_441556,46735.39035587623
COL_441659,61253.07579850136
COL_441695,55286.95637876313
COL_441725,53408.30226015039
COL_441852,37834.62503086543
COL_441872,351672.2652470527
COL_441885,41388.88325787375
COL_441886,57363.175115103084
COL_441887,46602.665747053965
COL_441968,42392.00477582647
COL_442042,89770.8044730071
COL_442088,45585.73330132842
COL_442218,62998.78187771381
COL_442223,53203.92160676886
COL_442404,30121.703893381695
COL_442430,46191.45356756952
COL_442436,66259.1765616319
COL_442660,52045.02749247058
COL_442689,38446.65914052505
COL_442736,67578.34865144554
COL_442849,76216.57048893697
COL_442859,50669.305885478185
COL_442896,75982.37007786045
COL_442899,94394.08076082033
COL_442969,44581.05556601469
COL_443027,80322.1119633243
COL_443075,46673.91686257204
COL_443076,70294.74702124146
COL_443086,57266.92114333887
COL_443087,62893.53570510237
COL_443105,49216.31654111786
COL_443174,44938.981952318354
COL_443215,64459.596338569536
COL_443224,68373.06284259452
COL_443260,56692.85804277406
COL_443261,40463.42505993422
COL_443353,86743.31301036035
COL_443381,63042.19526957323
COL_443604,309039.5100807633
COL_443605,365497.43081655307
COL_443606,285899.7346620453
COL_443644,58800.05267269897
COL_443699,31724.440623290255
COL_443721,60611.18451560753
COL_443797,49160.14379715021
COL_443798,73361.47815011919
COL_444056,125208.22074746023
COL_444127,28393.739792111955
COL_444137,23790.64899635507
COL_444163,65779.48987980059
COL_444190,66272.08057717103
COL_444262,82158.99634085862
COL_444332,33265.96686685523
COL_444379,60142.44049319094
COL_444406,67561.53883477615
COL_444612,20205.19804112766
COL_444615,174133.300005909
COL_444634,34663.31336759162
COL_444659,15727.270250476882
COL_444707,85123.20107379655
COL_444834,75770.0595248341
COL_444936,49134.30105211826
COL_445000,46051.55119389692
COL_445091,32093.263428709615
COL_445127,521807.6494121702
COL_445191,49303.88896030028
COL_445218,44589.77995845037
COL_445268,191429.0497561457
COL_445304,66522.51078369637
COL_445315,32580.2320135818
COL_445336,51066.59641163023
COL_445547,58928.08264852359
COL_445578,70097.45247260437
COL_445661,44043.66610216575
COL_445664,62576.495689125375
COL_445689,35231.221108118596
COL_445693,39004.73791842836
COL_445738,79666.50973512785
COL_445749,51013.722883272974
COL_445753,55022.255971963845
COL_445754,37449.3294016111
COL_445756,29796.596853378593
COL_445780,56540.684577007145
COL_445795,29922.501150355136
COL_445839,63255.19218394581
COL_445871,72484.54359974863
COL_445928,7308.580281842078
COL_446061,47643.1564980338
COL_446070,75074.2672976378
COL_446108,64148.93932244099
COL_446174,60597.96558889787
COL_446228,62544.749493993215
COL_446244,46614.20576998614
COL_446347,36808.81637354933
COL_446363,49056.782138565635
COL_446584,58651.67305990909
COL_446585,58651.67305990909
COL_446586,58651.67305990909
COL_446587,58658.85935238565
COL_446588,58277.82777653892
COL_446615,55131.97709990132
COL_446800,28828.418621548888
COL_446838,65898.76150714059
COL_446853,60398.94843257997
COL_446909,36498.96979882082
COL_446917,51270.51601114812
COL_446918,38225.56605702915
COL_446919,38376.86653101217
COL_446920,40524.70784407071
COL_446924,44031.25572755275
COL_447009,66573.83590745911
COL_447084,65741.9142232391
COL_447134,37344.10142824566
COL_447200,82090.27826150194
COL_447278,30051.05768329084
COL_447297,56258.02107937577
COL_447310,43032.9682892913
COL_447346,43333.57262775776
COL_447394,92049.9538850011
COL_447395,68060.8657659285
COL_447397,53737.27207502836
COL_447412,50803.69012248413
COL_447424,37381.366470725014
COL_447434,68932.47231106664
COL_447435,51750.0657299871
COL_447436,72650.87107389607
COL_447437,62688.17792165568
COL_447438,65058.48544835314
COL_447439,41147.87636731229
COL_447440,58588.56395112803
COL_447441,66437.84522152731
COL_447442,68631.43491912044
COL_447443,65207.722771346984
COL_447444,63071.03899536356
COL_447445,73393.52979190442
COL_447446,41993.64927957997
COL_447477,45229.10431989391
COL_447514,82323.95100269355
COL_447614,39204.216786276054
COL_447615,39204.216786276054
COL_447642,51579.84735478607
COL_447650,82354.87591611322
COL_447671,82405.94555482935
COL_447672,82405.94555482935
COL_447698,187724.15536709485
COL_447719,32087.08377727891
COL_447739,126889.48121194533
COL_447865,64410.86913101337
COL_447932,83033.2169811934
COL_447950,35320.242771025485
COL_447973,77706.05654252715
COL_448004,55120.060093668115
COL_448005,54220.01939609751
COL_448006,56042.89759210707
COL_448007,51997.249899177434
COL_448008,52783.70368807365
COL_448009,37616.15341701561
COL_448010,47359.58551523637
COL_448011,54573.1923892884
COL_448017,46176.43219307061
COL_448081,35173.09333654889
COL_448229,66447.53994681752
COL_448288,50422.72573177483
COL_448328,46046.42861746336
COL_448412,70110.23270600704
COL_448444,236161.1605649769
COL_448461,47180.46975134519
COL_448500,38643.32986739454
COL_448541,80878.21595433226
COL_448542,48871.52112660637
COL_448543,48871.52112660637
COL_448547,59776.86009776134
COL_448598,235415.3138402923
COL_448757,36097.492995254244
COL_448763,46747.84184788938
COL_448835,46469.520963591436
COL_448853,60159.76978541771
COL_448947,70054.05391534223
COL_449012,47540.64168071911
COL_449016,27000.81211667863
COL_449024,64860.05064923679
COL_449043,35250.17463503161
COL_449090,60491.66290763004
COL_449146,27453.205488220367
COL_449216,66318.21127080807
COL_449293,81079.54030152419
COL_449311,58070.622472538504
COL_449349,40425.95306443391
COL_449389,50833.69450386798
COL_449497,30328.891094642255
COL_449515,42990.556232069604
COL_449522,36284.85227924578
COL_449526,29230.68951641902
COL_449528,40037.08688764261
COL_449532,28069.637029926555
COL_449536,25434.298403130917
COL_449588,33817.19506470687
COL_449592,68640.19757787972
COL_449811,178396.43684320163
COL_449907,56135.51750700482
COL_449939,88633.0964526736
COL_450017,34916.31233743268
COL_450118,183662.13365026773
COL_450161,44256.02374549057
COL_450164,29922.802669418248
COL_450185,52278.62725296075
COL_450237,44189.21945571572
COL_450271,52079.91591926695
COL_450347,48351.3928628955
COL_450351,37633.507989600985
COL_450523,39382.265114111375
COL_450578,27841.183139911693
COL_450609,37971.5056007079
COL_450632,36974.275915599515
COL_450739,28863.623351997434
COL_450740,37283.38141477491
COL_450800,64435.62434808283
COL_450807,62039.917305930954
COL_450863,42288.58325860488
COL_451021,244411.33881734652
COL_451022,47324.01753168029
COL_451120,63784.36873709935
COL_451222,47135.418387532955
COL_451337,28073.611609502288
COL_451353,44382.66940807121
COL_451357,49497.53759144968
COL_451366,38828.07460004186
COL_451424,66063.05761176592
COL_451493,49187.044010093414
COL_451570,63692.69208353083
COL_451580,50852.172985614554
COL_451581,52024.13417801725
COL_451744,67220.72804104266
COL_451780,64932.85807995844
COL_451858,48709.20747896256
COL_451866,46455.79490037885
COL_451867,60778.53286528142
COL_451876,62869.22690845807
COL_451882,23019.31143923536
COL_451949,64121.633373696815
COL_452035,51547.69277569517
COL_452047,35700.3192860094
COL_452048,90449.41048626996
COL_452145,58304.53880188481
COL_452284,35199.79517253871
COL_452285,66909.61101122468
COL_452313,77630.80027861494
COL_452342,33953.2368023406
COL_452469,46023.19400101148
COL_452492,65796.71489012818
COL_452515,46351.0852219821
COL_452536,43883.044047453965
COL_452555,72148.01635473655
COL_452731,57632.43822759082
COL_452765,65842.81489228093
COL_452800,65888.91370279556
COL_452849,70240.9903354237
COL_452871,64600.98196880691
COL_452912,54648.06964081635
COL_452934,45304.834293519314
COL_453175,80686.41211311745
COL_453176,66514.63225664021
COL_453182,113554.75484961626
COL_453204,63211.16496548046
COL_453205,62948.046640011664
COL_453213,52436.11215439797
COL_453228,67135.27907735993
COL_453378,59433.037046438745
COL_453382,62387.989226054364
COL_453391,32751.23755223985
COL_453406,49863.77421229147
COL_453662,41661.69579045402
COL_453691,47804.078437696604
COL_453739,68898.8990229915
COL_453800,56674.148316485975
COL_453871,32707.502865482136
COL_453991,62843.67881784387
COL_453992,65527.37045532192
COL_453993,43925.12091326625
COL_453994,47434.7155663699
COL_453995,46503.432118768695
COL_453996,52821.15572325728
COL_453997,55365.56303120906
COL_453998,49185.76052040777
COL_453999,46481.27225524342
COL_454000,83358.48968011836
COL_454001,77621.71079414422
COL_454002,78412.71554979133
COL_454003,80645.60098258789
COL_454004,73906.34004463936
COL_454005,48379.6101355205
COL_454022,37360.6442438223
COL_454023,60496.39434456785
COL_454069,135152.62543704713
COL_454085,44862.317955868486
COL_454096,35469.487479621544
COL_454109,89879.95418382096
COL_454110,57873.60431475718
COL_454132,55128.21701332299
COL_454285,44671.69971616778
COL_454306,46715.137543638026
COL_454307,46929.85967745678
COL_454308,45935.74655096863
COL_454309,43677.57962170623
COL_454310,25004.94401341102
COL_454422,61249.36258310218
COL_454493,48871.52112660637
COL_454637,33125.93008488089
COL_454727,44962.918653003195
COL_454740,49869.01567681998
COL_454753,57108.096957054324
COL_454768,42765.50121973785
COL_454799,51327.708966563034
COL_455089,35621.091626292444
COL_455212,47173.48709539345
COL_455261,51385.4420225353
COL_455381,64648.34842202342
COL_455397,54650.691321196515
